"speed","power"
0,0.01
628.454639861,0.02
306.274956425,0.03
0,0.04
226.133143137,0.05
0,0.06
0,0.07
74.9252986704,0.08
155.324085889,0.09
0,0.1
0,0.11
0,0.12
34.030319265,0.13
36.4352260802,0.14
0,0.15
265.170298924,0.16
0,0.17
475.315163478,0.18
0,0.19
469.125826603,0.2
0,0.21
132.718639428,0.22
0,0.23
0,0.24
0,0.25
0,0.26
0,0.27
0,0.28
0,0.29
112.313614444,0.3
0,0.31
334.673863345,0.32
0,0.33
121.635112578,0.34
0,0.35
325.042847389,0.36
517.890323807,0.37
0,0.38
299.892999239,0.39
281.83152962,0.4
108.691818704,0.41
403.937537727,0.42
325.8652217,0.43
0,0.44
223.454931897,0.45
29.851369177,0.46
220.486312544,0.47
0,0.48
312.739839397,0.49
71.0813232863,0.5
247.841277285,0.51
0,0.52
0,0.53
228.946866483,0.54
0,0.55
0,0.56
106.358692832,0.57
0,0.58
0,0.59
0,0.6
84.9294609182,0.61
440.401798851,0.62
0,0.63
172.823529661,0.64
231.669570714,0.65
41.2159491709,0.66
0,0.67
0,0.68
506.822984986,0.69
265.992519688,0.7
77.5535369108,0.71
223.816893994,0.72
214.469218001,0.73
48.8927869496,0.74
0,0.75
110.645408012,0.76
0,0.77
118.022908361,0.78
61.9724879307,0.79
0,0.8
416.090454204,0.81
0,0.82
0,0.83
95.3149024605,0.84
0,0.85
0,0.86
0,0.87
0,0.88
0,0.89
0,0.9
0,0.91
0,0.92
437.805485728,0.93
0,0.94
206.862803553,0.95
390.474501674,0.96
276.250094523,0.97
0,0.98
0,0.99
117.48390848,1
0,01.01
0,01.02
0,01.03
0,01.04
0,01.05
0,01.06
0,01.07
413.393378638,01.08
0,01.09
481.634000792,1.1
340.476698654,1.11
65.1094604402,1.12
213.461797008,1.13
0,1.14
0,1.15
0,1.16
0,1.17
0,1.18
0,1.19
74.8121959517,1.2
275.877862478,1.21
0,1.22
0,1.23
212.043627242,1.24
366.131188678,1.25
0,1.26
179.884863096,1.27
0,1.28
50.5692697836,1.29
83.0774603711,1.3
0,1.31
19.5146022394,1.32
0,1.33
0,1.34
0,1.35
233.124663505,1.36
153.363610346,1.37
0,1.38
0,1.39
0,1.4
111.313896072,1.41
0,1.42
0,1.43
332.106656308,1.44
0,1.45
296.14272058,1.46
243.203361235,1.47
132.128620053,1.48
0,1.49
336.196775321,1.5
0,1.51
0,1.52
0,1.53
285.602814368,1.54
495.955343701,1.55
0,1.56
0,1.57
186.635460112,1.58
0,1.59
0,1.6
0,1.61
0,1.62
0,1.63
8.2327431554,1.64
0,1.65
255.569895483,1.66
0,1.67
261.655207343,1.68
92.2628609368,1.69
361.482065828,1.7
146.486758516,1.71
0,1.72
0,1.73
0,1.74
31.9423061164,1.75
0,1.76
0,1.77
0,1.78
0,1.79
52.0165327303,1.8
0,1.81
0,1.82
0,1.83
323.640306942,1.84
47.4547109521,1.85
0,1.86
50.1341245122,1.87
281.865947482,1.88
336.26538417,1.89
192.738978672,1.9
438.404777021,1.91
281.178805299,1.92
0,1.93
235.710821573,1.94
0,1.95
205.036657319,1.96
301.581666657,1.97
371.688816382,1.98
0,1.99
154.094928964,2
0,02.01
47.5968182923,02.02
0,02.03
214.64864246,02.04
0,02.05
229.652200211,02.06
181.144388995,02.07
0,02.08
6.01050579865,02.09
0,2.1
0,2.11
59.4597107236,2.12
373.73499183,2.13
174.642047011,2.14
0,2.15
376.963505543,2.16
177.46730596,2.17
109.765972962,2.18
185.133741538,2.19
0,2.2
79.6407349713,2.21
307.922187978,2.22
0,2.23
0,2.24
0,2.25
0,2.26
0,2.27
187.012961674,2.28
75.8368779156,2.29
271.343371487,2.3
262.0072222,2.31
137.162043755,2.32
0,2.33
0,2.34
248.557297701,2.35
79.5018406414,2.36
68.1417034152,2.37
333.473371468,2.38
0,2.39
223.497894025,2.4
391.60637583,2.41
106.556974774,2.42
0,2.43
0,2.44
423.795960801,2.45
324.490694375,2.46
73.657339064,2.47
0,2.48
275.430719819,2.49
0,2.5
93.0323771583,2.51
0,2.52
0,2.53
0,2.54
286.062480889,2.55
99.7021837756,2.56
0,2.57
0,2.58
13.6184712266,2.59
295.950570945,2.6
216.405805178,2.61
0,2.62
350.437748656,2.63
46.8310706287,2.64
0,2.65
0,2.66
0,2.67
306.476252011,2.68
105.98765645,2.69
185.207889309,2.7
181.029607724,2.71
571.223879301,2.72
297.681325418,2.73
242.76477576,2.74
0,2.75
0,2.76
0,2.77
137.101020845,2.78
0,2.79
36.988488172,2.8
0,2.81
0,2.82
0,2.83
0,2.84
96.6209921858,2.85
0,2.86
0,2.87
0,2.88
252.993284632,2.89
244.141557499,2.9
0,2.91
0,2.92
0,2.93
588.945044146,2.94
110.850629956,2.95
0,2.96
270.651155621,2.97
0,2.98
0,2.99
0,3
41.0747210227,03.01
71.2849474345,03.02
102.163344834,03.03
309.188168137,03.04
0,03.05
0,03.06
0,03.07
0,03.08
0,03.09
0,3.1
407.796584973,3.11
0,3.12
419.429532324,3.13
233.33288785,3.14
456.282034116,3.15
233.88186623,3.16
0,3.17
144.598616556,3.18
163.417683656,3.19
0,3.2
0,3.21
157.267216028,3.22
236.831364071,3.23
230.713242003,3.24
314.031167187,3.25
0,3.26
0,3.27
286.195436183,3.28
0,3.29
0,3.3
0,3.31
0,3.32
298.007920401,3.33
0,3.34
423.954318977,3.35
134.124265879,3.36
0,3.37
364.018369845,3.38
87.1444172542,3.39
55.2227187451,3.4
143.201269167,3.41
0,3.42
95.6576925306,3.43
186.868941098,3.44
284.117010387,3.45
229.328170832,3.46
126.940205501,3.47
40.6187933301,3.48
0,3.49
130.427087624,3.5
0,3.51
514.674367251,3.52
264.784538973,3.53
104.391000194,3.54
244.140846504,3.55
0,3.56
0,3.57
0,3.58
119.730287095,3.59
0,3.6
0,3.61
0,3.62
0,3.63
26.3156059288,3.64
0,3.65
51.1248090614,3.66
82.2295626124,3.67
257.342506249,3.68
0,3.69
190.35748286,3.7
95.9682908774,3.71
107.087636449,3.72
0,3.73
183.026549803,3.74
375.221163697,3.75
324.520887138,3.76
60.0283410423,3.77
216.224123882,3.78
0,3.79
0,3.8
0,3.81
462.307688644,3.82
0,3.83
282.072894101,3.84
0,3.85
0,3.86
422.750985501,3.87
83.578091415,3.88
0,3.89
173.857321981,3.9
171.286628028,3.91
0,3.92
0,3.93
0,3.94
0,3.95
403.326332413,3.96
355.649825061,3.97
0,3.98
178.71679009,3.99
27.3471063373,4
33.5745491394,04.01
0,04.02
358.239463277,04.03
0,04.04
46.88579452,04.05
0,04.06
266.652357352,04.07
377.056744574,04.08
0,04.09
206.690323907,4.1
0,4.11
201.845114624,4.12
0,4.13
2.42530505554,4.14
0,4.15
0,4.16
184.399990241,4.17
0,4.18
0,4.19
0,4.2
0,4.21
256.324742075,4.22
0,4.23
540.950347905,4.24
0,4.25
161.59410076,4.26
0,4.27
0,4.28
67.3609547392,4.29
71.4853046095,4.3
254.125995473,4.31
30.2119924828,4.32
163.743485538,4.33
531.077902495,4.34
0,4.35
282.132239216,4.36
312.737324018,4.37
0,4.38
107.648441621,4.39
0,4.4
0,4.41
439.656387653,4.42
403.826668922,4.43
51.3337343669,4.44
0,4.45
0,4.46
0,4.47
130.631484905,4.48
306.683624612,4.49
0,4.5
0,4.51
0,4.52
0,4.53
0,4.54
468.133016589,4.55
81.5623358595,4.56
340.881596915,4.57
0,4.58
97.2269714698,4.59
333.315080434,4.6
110.928232514,4.61
0,4.62
0,4.63
114.44207003,4.64
0,4.65
0,4.66
0,4.67
0,4.68
8.80266204875,4.69
0,4.7
0,4.71
223.951197401,4.72
293.521536161,4.73
0,4.74
0,4.75
57.7171280442,4.76
0,4.77
283.237525505,4.78
180.814643006,4.79
0,4.8
11.5799207757,4.81
300.296678251,4.82
227.18011552,4.83
61.0763777045,4.84
649.539409588,4.85
77.4010721534,4.86
0,4.87
159.55629068,4.88
0,4.89
0,4.9
0,4.91
273.618565208,4.92
0,4.93
0,4.94
0,4.95
86.7534280593,4.96
37.267861884,4.97
0,4.98
0,4.99
410.235616805,5
0,05.01
205.891270122,05.02
303.188463743,05.03
234.463773019,05.04
39.1817477947,05.05
143.021760727,05.06
0,05.07
437.568883661,05.08
0,05.09
507.815700334,5.1
167.390827879,5.11
0,5.12
109.157587551,5.13
0,5.14
305.008105937,5.15
462.094350514,5.16
0,5.17
247.83493577,5.18
0,5.19
0,5.2
0,5.21
0,5.22
0,5.23
0,5.24
163.849823227,5.25
0,5.26
0,5.27
249.382406632,5.28
0,5.29
557.984674251,5.3
0,5.31
0,5.32
167.47683773,5.33
313.229199978,5.34
0,5.35
3.12450918481,5.36
17.6384387651,5.37
0,5.38
0,5.39
145.733404295,5.4
278.551394784,5.41
28.7382865953,5.42
62.8575853423,5.43
0,5.44
0,5.45
0,5.46
0,5.47
13.9985505637,5.48
0,5.49
127.107789452,5.5
0,5.51
62.7751788791,5.52
378.622140442,5.53
0,5.54
0,5.55
0,5.56
109.086820501,5.57
95.7622101393,5.58
0,5.59
449.447153715,5.6
240.338175113,5.61
190.918281198,5.62
0,5.63
0,5.64
216.203765028,5.65
7.26395982602,5.66
28.679776863,5.67
190.988493602,5.68
0,5.69
0,5.7
0,5.71
0,5.72
58.6467981971,5.73
339.079316437,5.74
159.032087246,5.75
0,5.76
674.965354256,5.77
28.6360041815,5.78
70.5238088479,5.79
230.032452052,5.8
0,5.81
357.905141864,5.82
0,5.83
97.5212631923,5.84
296.344218668,5.85
136.734038569,5.86
0,5.87
192.003284795,5.88
0,5.89
230.073049009,5.9
343.512686686,5.91
68.5099053155,5.92
0,5.93
0,5.94
445.351998562,5.95
0,5.96
189.941209205,5.97
63.2267359716,5.98
98.0701685623,5.99
171.623322793,6
63.4631512113,06.01
237.38319045,06.02
296.651505773,06.03
165.930461769,06.04
2.86411825993,06.05
0,06.06
0,06.07
0,06.08
0,06.09
126.527404848,6.1
0,6.11
0,6.12
0,6.13
586.550873161,6.14
689.992615462,6.15
0,6.16
0,6.17
0,6.18
586.452610143,6.19
0,6.2
295.520425146,6.21
0,6.22
0,6.23
43.5719265704,6.24
0,6.25
112.609585727,6.26
0,6.27
179.30920573,6.28
156.286195842,6.29
245.908512936,6.3
39.3841295531,6.31
110.624497845,6.32
0,6.33
0,6.34
147.013977609,6.35
0,6.36
0,6.37
0,6.38
0,6.39
0,6.4
0,6.41
152.94480249,6.42
267.277639619,6.43
387.294021305,6.44
0,6.45
237.00826247,6.46
0,6.47
261.876983439,6.48
0,6.49
197.52864074,6.5
0,6.51
0,6.52
0,6.53
45.4505395576,6.54
304.5440353,6.55
0,6.56
88.3369621556,6.57
249.668551435,6.58
0,6.59
34.2821081449,6.6
149.78172551,6.61
0,6.62
0,6.63
488.143195824,6.64
0,6.65
324.294837844,6.66
415.384989813,6.67
185.24620926,6.68
221.783281358,6.69
0,6.7
157.746179046,6.71
0,6.72
0,6.73
154.244528143,6.74
193.452337496,6.75
0,6.76
0,6.77
17.1820973617,6.78
0,6.79
226.526319545,6.8
237.717091909,6.81
617.518817239,6.82
26.0531866734,6.83
21.0648276977,6.84
0,6.85
0,6.86
423.589734592,6.87
307.866538341,6.88
234.873649598,6.89
47.5774171096,6.9
160.474156212,6.91
0,6.92
104.071759662,6.93
77.8162058203,6.94
0,6.95
147.598233926,6.96
326.771674067,6.97
0,6.98
23.2358381111,6.99
0,7
0,07.01
315.031506499,07.02
52.8179152148,07.03
0,07.04
0,07.05
307.381234503,07.06
0,07.07
244.450523831,07.08
285.185688491,07.09
317.259786978,7.1
0,7.11
0,7.12
260.397701973,7.13
109.829010788,7.14
317.842885952,7.15
0,7.16
296.247334899,7.17
316.180432094,7.18
0,7.19
0,7.2
231.84546568,7.21
286.34839222,7.22
0,7.23
352.571173789,7.24
327.217492383,7.25
138.14024745,7.26
517.716302533,7.27
25.0111206724,7.28
484.297648519,7.29
0,7.3
0,7.31
442.089682112,7.32
173.812718607,7.33
280.017316925,7.34
283.786018505,7.35
49.4871146692,7.36
242.620926694,7.37
163.638102433,7.38
342.328526043,7.39
510.047794806,7.4
0,7.41
106.665512085,7.42
0,7.43
406.532669035,7.44
254.586588627,7.45
0,7.46
0,7.47
0,7.48
306.117865739,7.49
0,7.5
259.664030318,7.51
263.793261854,7.52
446.131782531,7.53
616.570676079,7.54
354.67234116,7.55
0,7.56
125.46535363,7.57
0,7.58
98.0877640807,7.59
113.671001392,7.6
105.006733192,7.61
0,7.62
0,7.63
285.058631926,7.64
193.376706223,7.65
0,7.66
447.788863365,7.67
295.909551804,7.68
0,7.69
0,7.7
0,7.71
0,7.72
0,7.73
56.7475256165,7.74
461.818344131,7.75
263.584082692,7.76
161.208765433,7.77
240.125860512,7.78
20.4242989656,7.79
545.656088295,7.8
0,7.81
300.152746928,7.82
352.106450962,7.83
0,7.84
0,7.85
520.543035583,7.86
421.080709419,7.87
0,7.88
136.631047207,7.89
0,7.9
467.413370728,7.91
0,7.92
281.509381796,7.93
185.646884865,7.94
111.111991587,7.95
36.1593885118,7.96
138.003224528,7.97
1.2098460834,7.98
344.612710336,7.99
523.03981794,8
310.82029186,08.01
34.4407092246,08.02
392.640312544,08.03
138.355658542,08.04
0,08.05
0,08.06
206.991649561,08.07
27.5565818116,08.08
250.479634443,08.09
0,8.1
114.944301035,8.11
175.337350863,8.12
124.035881751,8.13
322.7301985,8.14
77.6396486364,8.15
0,8.16
223.092254935,8.17
20.227253356,8.18
0,8.19
126.15956809,8.2
0,8.21
71.8977902771,8.22
0,8.23
296.955900592,8.24
218.810280703,8.25
417.389774237,8.26
0,8.27
0,8.28
369.245811195,8.29
0,8.3
42.6091026979,8.31
402.004012272,8.32
341.041954134,8.33
489.879749619,8.34
143.227944964,8.35
256.943359565,8.36
30.2554475112,8.37
102.570445922,8.38
493.232842011,8.39
0,8.4
81.5245807616,8.41
308.87383411,8.42
283.43446575,8.43
344.937549241,8.44
258.567103403,8.45
209.823143757,8.46
118.785965953,8.47
407.337930112,8.48
432.012013799,8.49
164.53624173,8.5
215.085328508,8.51
600.59016471,8.52
517.190558378,8.53
0,8.54
86.107218954,8.55
111.117389545,8.56
359.139144535,8.57
154.7139322,8.58
901.128184647,8.59
110.911592885,8.6
0,8.61
2.01125858962,8.62
319.274755545,8.63
0,8.64
399.328115293,8.65
165.160257112,8.66
0,8.67
59.4515058057,8.68
7.61207592353,8.69
195.465530097,8.7
0,8.71
648.376245126,8.72
162.370145326,8.73
353.382457451,8.74
0,8.75
283.852948726,8.76
312.253269337,8.77
0,8.78
331.082297468,8.79
0,8.8
492.838370363,8.81
216.849752936,8.82
0,8.83
140.745087823,8.84
230.630673563,8.85
85.3768629805,8.86
70.176966406,8.87
78.6804637109,8.88
357.348305381,8.89
205.730729386,8.9
572.475959953,8.91
32.5169604877,8.92
0,8.93
254.811199357,8.94
566.285784862,8.95
515.197848875,8.96
373.72704922,8.97
120.204361425,8.98
426.016219147,8.99
211.706712472,9
163.853202677,09.01
550.697547757,09.02
280.875262606,09.03
22.5004065028,09.04
498.857945735,09.05
1038.89898034,09.06
23.9166643754,09.07
53.6850693473,09.08
661.474652652,09.09
277.841518174,9.1
540.576922686,9.11
197.350777842,9.12
618.49626669,9.13
444.482460856,9.14
376.432031563,9.15
424.565941189,9.16
583.494266544,9.17
395.957954033,9.18
363.097575322,9.19
696.978161904,9.2
452.32572696,9.21
251.552250907,9.22
693.486512574,9.23
25.2366874591,9.24
798.223317894,9.25
76.010369959,9.26
0,9.27
0,9.28
769.567376448,9.29
0,9.3
366.792202804,9.31
17.2756955515,9.32
510.491204506,9.33
405.090393373,9.34
521.036958066,9.35
334.719993596,9.36
452.262136717,9.37
284.240616505,9.38
499.924590962,9.39
442.065257534,9.4
466.040431591,9.41
1066.4920839,9.42
652.866909104,9.43
392.744002343,9.44
711.642451958,9.45
600.748297644,9.46
262.846017488,9.47
685.311379008,9.48
416.552672783,9.49
0,9.5
258.348987062,9.51
342.884574498,9.52
0,9.53
472.432301631,9.54
302.881005351,9.55
112.902759889,9.56
1042.30467121,9.57
745.132773837,9.58
198.321102394,9.59
462.904875853,9.6
784.192517567,9.61
660.665949635,9.62
250.872573608,9.63
650.967925758,9.64
235.96817826,9.65
464.861518724,9.66
171.670755783,9.67
204.85828302,9.68
414.047734332,9.69
135.283791904,9.7
569.246667322,9.71
763.16941694,9.72
367.171708631,9.73
765.293434413,9.74
255.539944064,9.75
469.088271282,9.76
238.600241873,9.77
309.784745518,9.78
301.85062242,9.79
241.096857272,9.8
908.240419713,9.81
799.632254184,9.82
654.074457401,9.83
785.909104352,9.84
739.046106111,9.85
147.656790239,9.86
267.998658456,9.87
296.112295346,9.88
321.924204649,9.89
638.081084815,9.9
139.459654873,9.91
601.602458574,9.92
672.552070296,9.93
636.555090389,9.94
557.19274823,9.95
615.118435851,9.96
648.922385003,9.97
563.231123714,9.98
728.05200996,9.99
250.001157116,10
577.606397716,10.01
540.98521456,10.02
336.690689708,10.03
784.817050075,10.04
646.759329756,10.05
721.48765495,10.06
533.71149818,10.07
608.033874397,10.08
266.785522156,10.09
243.462560291,10.1
735.716848523,10.11
855.615354361,10.12
708.270922727,10.13
337.855578306,10.14
738.255363243,10.15
422.995802793,10.16
873.490969163,10.17
833.528146261,10.18
502.61549983,10.19
883.68796316,10.2
540.938970491,10.21
248.13063231,10.22
135.445510287,10.23
579.27146352,10.24
342.040175741,10.25
450.616219835,10.26
275.631158734,10.27
598.937418285,10.28
676.489235928,10.29
393.937255832,10.3
258.612675613,10.31
327.866242035,10.32
677.687294555,10.33
608.975165403,10.34
0,10.35
653.373949959,10.36
622.403212463,10.37
347.457031924,10.38
1067.68093059,10.39
565.620404292,10.4
397.256451685,10.41
722.920787889,10.42
1014.18687992,10.43
810.225778571,10.44
708.59460563,10.45
769.042525715,10.46
647.706794911,10.47
597.105126394,10.48
648.27990527,10.49
793.796062048,10.5
650.115345801,10.51
520.336784795,10.52
580.621862445,10.53
302.378788445,10.54
534.291236734,10.55
515.151657939,10.56
854.070883481,10.57
419.766031132,10.58
268.442701663,10.59
392.133039096,10.6
1103.86006145,10.61
925.403034298,10.62
897.585751099,10.63
283.769240702,10.64
516.500228801,10.65
673.458047628,10.66
812.499957334,10.67
521.612078223,10.68
311.434388989,10.69
304.820871213,10.7
755.404578212,10.71
540.472552345,10.72
1125.09491489,10.73
422.685591433,10.74
661.3199282,10.75
946.105983013,10.76
663.651652513,10.77
320.475396898,10.78
591.824840747,10.79
780.420694368,10.8
709.637501554,10.81
720.459611026,10.82
816.964202428,10.83
413.487923369,10.84
1287.22376323,10.85
1258.13701879,10.86
671.791737474,10.87
1131.57433797,10.88
469.598687528,10.89
777.52686837,10.9
861.904038329,10.91
831.92456075,10.92
695.486165912,10.93
704.181949717,10.94
826.334439735,10.95
736.933709436,10.96
833.041425578,10.97
977.933310611,10.98
686.296995144,10.99
745.736641139,11
983.268088218,11.01
383.65150744,11.02
828.079178422,11.03
1160.05794429,11.04
487.946389036,11.05
614.200067901,11.06
1268.25145363,11.07
1209.17437424,11.08
590.718334927,11.09
745.976320664,11.1
334.464360284,11.11
660.082002178,11.12
1204.56405236,11.13
883.638275005,11.14
602.35521322,11.15
653.964527715,11.16
274.741629451,11.17
484.788011499,11.18
1077.44224995,11.19
504.961737796,11.2
288.083487522,11.21
367.803400229,11.22
366.291568778,11.23
884.969813974,11.24
788.46151334,11.25
933.720478075,11.26
743.153388326,11.27
868.539300896,11.28
873.338447122,11.29
723.93519794,11.3
827.216798286,11.31
1179.14728324,11.32
731.858354587,11.33
1135.62119282,11.34
642.729934022,11.35
884.196277905,11.36
384.066189076,11.37
860.623836007,11.38
1164.54058783,11.39
984.169700779,11.4
697.13459755,11.41
980.594186188,11.42
965.862833933,11.43
857.190779956,11.44
788.99918839,11.45
481.72050314,11.46
742.044075752,11.47
395.376929605,11.48
616.253208239,11.49
477.908556762,11.5
641.194906708,11.51
422.350213042,11.52
835.299605763,11.53
1191.27416902,11.54
1089.73761463,11.55
854.616134479,11.56
974.098570173,11.57
1564.64590225,11.58
1085.60872111,11.59
884.80058725,11.6
824.364003226,11.61
1182.8334871,11.62
930.004787457,11.63
821.828827877,11.64
1609.25003006,11.65
988.103992306,11.66
956.846300227,11.67
896.899486485,11.68
206.553289838,11.69
1263.45656483,11.7
922.493659013,11.71
1276.93424402,11.72
958.106103002,11.73
984.071742152,11.74
818.268974698,11.75
1072.11444805,11.76
1337.29261483,11.77
1285.72738759,11.78
1150.71210643,11.79
1391.20887928,11.8
605.561933998,11.81
1052.39233579,11.82
1082.15181049,11.83
1013.62750376,11.84
789.813006613,11.85
616.81863431,11.86
698.612284538,11.87
886.084223566,11.88
725.469019105,11.89
1310.28842457,11.9
1062.48942889,11.91
1524.50056271,11.92
1028.83209124,11.93
1055.37698192,11.94
1172.55161142,11.95
980.881516998,11.96
1055.15526094,11.97
666.504031114,11.98
1379.21446837,11.99
1054.80500344,12
860.022896161,12.01
1205.4951291,12.02
1164.33776638,12.03
976.351748689,12.04
1037.24038294,12.05
1474.64345449,12.06
1165.05754523,12.07
1066.62595683,12.08
1079.17157758,12.09
811.282056,12.1
1068.68646823,12.11
741.160483256,12.12
1495.06263964,12.13
1271.83657398,12.14
1128.4799877,12.15
1519.7272551,12.16
1160.51457874,12.17
1135.50563003,12.18
904.650154851,12.19
1415.80801368,12.2
776.238044407,12.21
1194.85291061,12.22
853.070192383,12.23
1109.28628883,12.24
1173.93376812,12.25
600.250943617,12.26
1279.87238183,12.27
977.30463758,12.28
850.546114841,12.29
1118.05993411,12.3
1345.80975266,12.31
960.510053597,12.32
1181.57717008,12.33
1038.76526392,12.34
1248.23879324,12.35
897.969459677,12.36
1397.61997316,12.37
936.701763747,12.38
1433.17504732,12.39
1223.87603273,12.4
1302.56515776,12.41
1085.85902972,12.42
1055.88189326,12.43
1161.40687491,12.44
1265.03182091,12.45
1474.84533415,12.46
1473.62689979,12.47
740.100810686,12.48
1186.94720137,12.49
983.272942818,12.5
1321.41264005,12.51
1086.04801671,12.52
1115.18831449,12.53
1574.25698867,12.54
1168.17991598,12.55
1475.23087739,12.56
1007.64573744,12.57
1347.51919876,12.58
1261.85165126,12.59
1090.8988411,12.6
1117.36772121,12.61
969.850594487,12.62
1428.4811747,12.63
1233.70468895,12.64
1447.58652781,12.65
1075.31547739,12.66
1103.83409786,12.67
1555.08269664,12.68
1811.69920652,12.69
1626.68877126,12.7
1194.97818885,12.71
1292.77518052,12.72
1665.37556696,12.73
1472.33380875,12.74
948.640765527,12.75
955.368613584,12.76
1502.84658314,12.77
1426.11415222,12.78
1134.59786144,12.79
1450.58928194,12.8
1129.42521716,12.81
1126.88893447,12.82
1383.06929552,12.83
1214.66962271,12.84
1317.15083716,12.85
1186.54794584,12.86
1728.19696241,12.87
1230.75907128,12.88
1172.85479921,12.89
1783.06577203,12.9
1672.60974551,12.91
1498.6449109,12.92
1397.05512034,12.93
1589.02308437,12.94
1654.77177915,12.95
1056.81668382,12.96
1376.00463592,12.97
1196.4506201,12.98
1172.11180807,12.99
1144.45703538,13
888.933098713,13.01
1235.24286246,13.02
1367.47455764,13.03
1378.40281723,13.04
888.278999466,13.05
1306.0829924,13.06
1555.61585288,13.07
1804.51746568,13.08
1963.43145975,13.09
1329.98873202,13.1
1421.95138397,13.11
1141.59899119,13.12
1508.95762955,13.13
1232.25410392,13.14
1528.5916943,13.15
1346.96898862,13.16
1565.73338059,13.17
1948.53205696,13.18
1354.09400296,13.19
1190.31939304,13.2
1193.91517597,13.21
1673.73117444,13.22
1417.52979339,13.23
1366.5793082,13.24
2121.36694452,13.25
1612.01595524,13.26
1315.48887007,13.27
1357.45892588,13.28
1785.20333687,13.29
1645.742792,13.3
1697.03382504,13.31
1047.14794761,13.32
1234.91179861,13.33
1852.01343009,13.34
1774.44694898,13.35
1696.40626703,13.36
1607.79931301,13.37
1569.26612243,13.38
1369.97939935,13.39
1041.06099513,13.4
2101.80396545,13.41
1912.93315642,13.42
1393.40150329,13.43
1005.17700051,13.44
1806.98359975,13.45
1411.78306005,13.46
1362.66703702,13.47
1641.6772175,13.48
1473.50613446,13.49
1657.73838223,13.5
1665.84325397,13.51
1372.42490362,13.52
1505.38959819,13.53
1852.69875345,13.54
1422.29592046,13.55
1643.33084259,13.56
1685.54979051,13.57
1847.46716203,13.58
1258.66994911,13.59
1413.5048653,13.6
1925.10905329,13.61
1422.36533006,13.62
1546.90427736,13.63
1443.39628335,13.64
1138.09628718,13.65
1664.78485826,13.66
1794.66018676,13.67
1947.30141017,13.68
1783.13718168,13.69
1467.89356482,13.7
1856.00940906,13.71
1982.33877247,13.72
1980.08746147,13.73
1436.38496081,13.74
2070.74250495,13.75
2071.86566566,13.76
1457.31586467,13.77
1523.39808047,13.78
1854.10559644,13.79
1490.62734907,13.8
2128.03199115,13.81
1734.51758867,13.82
1599.87998633,13.83
2185.14574146,13.84
1682.56873443,13.85
1707.26854964,13.86
1513.34314289,13.87
1733.08401213,13.88
1772.78431134,13.89
1888.04855765,13.9
1819.40828452,13.91
1580.53587479,13.92
1928.03600733,13.93
1163.06524372,13.94
1634.71838694,13.95
1805.33501045,13.96
1837.37844427,13.97
1595.41450655,13.98
1759.60070339,13.99
2033.37688224,14
1894.95958367,14.01
1984.86319622,14.02
2157.71552649,14.03
1706.58102894,14.04
1498.54640042,14.05
1291.20550432,14.06
1476.09201136,14.07
2271.72040963,14.08
1736.6512043,14.09
1607.5004251,14.1
1853.0918747,14.11
2015.39522478,14.12
1520.50567761,14.13
1653.13474949,14.14
1796.08299711,14.15
1602.75139635,14.16
2196.01687783,14.17
2348.31572597,14.18
2173.29339211,14.19
1855.23692204,14.2
1672.48300093,14.21
1721.00841528,14.22
1427.06461353,14.23
1681.4877714,14.24
1589.08178602,14.25
1715.31570108,14.26
1788.08331445,14.27
2449.35019866,14.28
2052.56535873,14.29
1987.57432902,14.3
1651.78795337,14.31
1796.10903288,14.32
2160.7507179,14.33
1732.03044642,14.34
1486.95032005,14.35
1716.97258815,14.36
1924.36480289,14.37
1799.7443771,14.38
1813.32831103,14.39
1974.50163444,14.4
1942.57927855,14.41
2185.29998136,14.42
1645.52351717,14.43
1519.43644092,14.44
1644.5637565,14.45
1573.98774624,14.46
1698.17849391,14.47
2114.98395164,14.48
1455.46117766,14.49
2145.42609858,14.5
1574.67738958,14.51
1825.1356742,14.52
2127.30948362,14.53
1542.37782835,14.54
2423.85787356,14.55
2423.92048199,14.56
1791.19200741,14.57
2350.83457936,14.58
1676.54696045,14.59
2013.85072846,14.6
2029.70233441,14.61
1799.99850347,14.62
2083.72918997,14.63
2047.6209109,14.64
2067.00978602,14.65
1654.77628845,14.66
2380.69899287,14.67
1975.37213018,14.68
2103.15705425,14.69
2057.74568585,14.7
2398.78008423,14.71
1704.32118727,14.72
1885.6736127,14.73
2025.79828246,14.74
2176.92612648,14.75
2201.64243049,14.76
2198.87825513,14.77
2237.49019219,14.78
1686.3311374,14.79
1686.99964329,14.8
2096.06386791,14.81
1994.5198188,14.82
995.699258733,14.83
1940.10971342,14.84
1997.26038875,14.85
1840.371201,14.86
1702.59956153,14.87
1709.17499557,14.88
2209.51030565,14.89
2241.57905033,14.9
2144.02826473,14.91
1817.01504906,14.92
2563.94664675,14.93
1776.70421249,14.94
2458.77200028,14.95
2325.68934765,14.96
1984.35487158,14.97
2284.15284269,14.98
2276.84618146,14.99
1792.03162149,15
2242.14597032,15.01
2142.21815373,15.02
1880.79311966,15.03
1728.81735707,15.04
1761.00820296,15.05
1804.53784104,15.06
2184.37174065,15.07
2273.13449401,15.08
2090.09692457,15.09
1690.26464456,15.1
1902.52856537,15.11
2086.16919185,15.12
2309.36328092,15.13
2064.77133641,15.14
2263.81212192,15.15
2169.27339928,15.16
1350.3246314,15.17
2103.50622503,15.18
1866.75203002,15.19
2300.23562961,15.2
2043.90736156,15.21
1633.76515223,15.22
1589.39068075,15.23
2358.19821501,15.24
2409.08138731,15.25
2320.76548418,15.26
2357.209956,15.27
1928.09638851,15.28
2130.12912159,15.29
1773.64621073,15.3
2124.45964312,15.31
2166.0982706,15.32
1875.98191002,15.33
2277.87543579,15.34
2018.8822294,15.35
2240.73351596,15.36
2104.22958873,15.37
2086.29999924,15.38
1979.24494927,15.39
1922.14019875,15.4
2117.35952594,15.41
1876.3120707,15.42
2107.02520156,15.43
1994.02534981,15.44
2089.50478562,15.45
2852.03510933,15.46
2658.81787428,15.47
2335.45475212,15.48
2232.86209013,15.49
2372.6111128,15.5
2017.52194688,15.51
2020.19053403,15.52
2423.25789845,15.53
2439.59763107,15.54
2025.7195487,15.55
2029.76841531,15.56
1977.98069779,15.57
2011.72667617,15.58
2013.84726957,15.59
2292.25742321,15.6
1834.3518696,15.61
2047.27743031,15.62
2706.21183988,15.63
1984.79929771,15.64
2055.92491805,15.65
2812.44511329,15.66
2027.27953063,15.67
2116.85177206,15.68
2089.00056435,15.69
1903.26244702,15.7
1773.36732061,15.71
2159.37857062,15.72
1792.01735129,15.73
2612.95614798,15.74
1998.93584696,15.75
2188.42565355,15.76
2329.44558365,15.77
1967.95308795,15.78
2212.86286174,15.79
2468.97841313,15.8
1950.56572407,15.81
1842.15603258,15.82
2502.46667029,15.83
2349.15946877,15.84
2453.69156308,15.85
2476.18477736,15.86
2028.43631117,15.87
2543.79819501,15.88
2476.62360801,15.89
2598.27548349,15.9
2739.24780701,15.91
2567.88045603,15.92
2363.68850967,15.93
2283.84481103,15.94
2562.73524231,15.95
2399.77029598,15.96
2052.68391447,15.97
2108.49942074,15.98
2636.27099501,15.99
1883.22627843,16
1965.9571779,16.01
2282.63595329,16.02
2336.90352638,16.03
2185.00409736,16.04
2402.09253409,16.05
1891.08769491,16.06
2337.0629053,16.07
2409.69514744,16.08
2489.02198161,16.09
2171.17283332,16.1
2529.98181901,16.11
2311.48615826,16.12
2368.06634618,16.13
1921.41412682,16.14
2044.57057257,16.15
1746.14829817,16.16
2201.35941442,16.17
2341.78257345,16.18
2166.38399985,16.19
1855.20853156,16.2
1543.01205751,16.21
2356.78304592,16.22
2114.20809645,16.23
2090.79842344,16.24
2393.77980446,16.25
2191.56253359,16.26
2397.70019112,16.27
2687.76051935,16.28
2563.72519558,16.29
2874.44297122,16.3
2000.2294267,16.31
2215.11754049,16.32
2526.26267394,16.33
1878.04466456,16.34
2183.33685603,16.35
2749.1781588,16.36
2604.49524368,16.37
2714.08794075,16.38
2687.65806694,16.39
2303.35253836,16.4
2089.81046394,16.41
2366.47121953,16.42
2339.54718378,16.43
2620.1567959,16.44
2052.14170253,16.45
2128.09928034,16.46
2310.64248476,16.47
2329.31036412,16.48
2370.53294547,16.49
2261.01759197,16.5
2521.54164477,16.51
2124.24417482,16.52
2233.69474882,16.53
2515.07146203,16.54
1936.26187259,16.55
2299.23741137,16.56
2607.16030649,16.57
2029.00484706,16.58
2640.05524634,16.59
2587.91249291,16.6
2393.75927797,16.61
2452.27276144,16.62
2927.02286935,16.63
2322.59942937,16.64
1957.54793798,16.65
2289.06819466,16.66
2427.17642749,16.67
2370.13100503,16.68
2240.44519188,16.69
2428.70024478,16.7
2188.75255895,16.71
2678.85271551,16.72
2146.37465023,16.73
1516.31112387,16.74
2070.05999387,16.75
2073.80784931,16.76
2232.28106793,16.77
1982.13277626,16.78
2809.8594845,16.79
2629.43334068,16.8
2598.5275355,16.81
2283.65837773,16.82
2311.71540787,16.83
2473.34872807,16.84
2457.99774876,16.85
2467.69381356,16.86
2308.37028378,16.87
2127.54629141,16.88
2522.64185097,16.89
2840.59443868,16.9
2618.48762703,16.91
2496.52742536,16.92
2446.02090531,16.93
1727.00929095,16.94
2175.7180641,16.95
2549.62230172,16.96
2162.7707462,16.97
2849.91307857,16.98
2561.74231389,16.99
2304.89247483,17
2472.26577605,17.01
2284.05880537,17.02
1733.75085193,17.03
2422.08432885,17.04
2170.64902978,17.05
2300.71771364,17.06
1884.98784389,17.07
2302.52136727,17.08
2447.95638575,17.09
2325.94531402,17.1
2467.64047813,17.11
2358.16838306,17.12
2048.99644348,17.13
2417.27943197,17.14
2464.90416705,17.15
1978.14752085,17.16
2182.809653,17.17
2257.07727778,17.18
2404.66479641,17.19
2169.72493398,17.2
2700.95097422,17.21
2497.16000765,17.22
1868.96900318,17.23
2444.35482998,17.24
2665.75541141,17.25
2570.70916989,17.26
2271.68491133,17.27
2264.72131518,17.28
2350.58575392,17.29
2326.04736736,17.3
2374.85101077,17.31
2145.23304277,17.32
2242.0287818,17.33
2368.67505952,17.34
2601.31896037,17.35
1847.30242318,17.36
2469.20371469,17.37
2131.97762608,17.38
2592.51480643,17.39
2174.71766125,17.4
2310.86551287,17.41
2597.94634074,17.42
2491.09745834,17.43
2479.52267696,17.44
2610.41203288,17.45
2380.38866594,17.46
2584.06663511,17.47
2647.05508037,17.48
2280.3612671,17.49
2591.19553822,17.5
2404.12030475,17.51
1889.41230325,17.52
2679.91707142,17.53
2360.45661251,17.54
1810.56096341,17.55
2748.887663,17.56
2066.74191791,17.57
2772.46957088,17.58
2688.23530335,17.59
2725.06493393,17.6
2536.08539998,17.61
2817.94487648,17.62
2893.65252285,17.63
2487.23181128,17.64
2278.94933741,17.65
2125.1491998,17.66
2578.4525113,17.67
2392.41083078,17.68
2892.72130849,17.69
2695.6083876,17.7
2709.10464155,17.71
2598.62322108,17.72
2176.90692611,17.73
2796.06544456,17.74
2992.17028644,17.75
2461.46012791,17.76
2320.15535182,17.77
2175.57541232,17.78
2713.06809089,17.79
2482.8246472,17.8
2284.8198411,17.81
2343.515006,17.82
2168.02946981,17.83
2580.95955741,17.84
2598.2027799,17.85
2431.58313421,17.86
2235.50950576,17.87
1985.41526703,17.88
2111.78116531,17.89
2635.97056639,17.9
2349.37884064,17.91
2418.78537055,17.92
2559.92773119,17.93
2067.66521695,17.94
2054.70011058,17.95
2325.75894771,17.96
2080.1257723,17.97
2837.65690212,17.98
2218.57524697,17.99
2326.20815227,18
2105.17049026,18.01
2596.7790987,18.02
2442.1076831,18.03
2739.01440362,18.04
2162.06348092,18.05
2740.52066818,18.06
2871.74342928,18.07
2592.48356879,18.08
2978.84658596,18.09
2225.25920886,18.1
2262.13083968,18.11
2298.10197602,18.12
2456.19774607,18.13
2264.48014869,18.14
2156.64035944,18.15
2116.72748855,18.16
2521.18276604,18.17
2911.54490225,18.18
2329.62725079,18.19
2498.1317473,18.2
2188.41726745,18.21
2410.11118825,18.22
2591.02631062,18.23
2515.19175865,18.24
2589.40239685,18.25
2682.42826202,18.26
2485.36744879,18.27
2329.61730502,18.28
2064.54013551,18.29
2512.98056749,18.3
2718.59307865,18.31
2110.81621389,18.32
2688.19723837,18.33
2313.04709523,18.34
2130.5625137,18.35
2188.19107415,18.36
2270.20891465,18.37
2740.52635206,18.38
2866.89962582,18.39
2337.91872333,18.4
2798.17156859,18.41
2747.99913968,18.42
2426.0049684,18.43
2060.27229743,18.44
2511.6320159,18.45
2199.25706739,18.46
2498.79481361,18.47
2741.54624953,18.48
2566.32841274,18.49
2738.22585879,18.5
2276.86273174,18.51
2043.76236547,18.52
2562.50463248,18.53
2298.38281761,18.54
2163.43674516,18.55
2824.41049981,18.56
2548.36190765,18.57
2573.61225014,18.58
2378.89813562,18.59
2348.58074001,18.6
2326.54787658,18.61
1988.82376617,18.62
2487.5599815,18.63
2513.83483797,18.64
2844.8000557,18.65
2465.51801159,18.66
2734.70986738,18.67
2090.27143331,18.68
2432.14757843,18.69
2645.20633137,18.7
2471.35566824,18.71
2460.3204375,18.72
2511.23140612,18.73
2249.42170785,18.74
2835.03045965,18.75
2520.17992397,18.76
2915.75774,18.77
2342.64021755,18.78
2171.46971605,18.79
2128.89881807,18.8
3052.49652718,18.81
2416.61392142,18.82
2298.36961286,18.83
2631.5463094,18.84
2555.22837791,18.85
2498.50027082,18.86
2550.82887022,18.87
2622.41717332,18.88
2250.26911251,18.89
2832.94797744,18.9
2261.59912978,18.91
2483.95745147,18.92
2964.62759475,18.93
2674.49342212,18.94
2784.5935172,18.95
2607.93728631,18.96
2386.2899531,18.97
3151.64039361,18.98
2372.11307255,18.99
2667.81264677,19
2158.37503655,19.01
2166.63688079,19.02
2479.44476338,19.03
2402.28640674,19.04
2690.18225623,19.05
2875.76651772,19.06
2602.3894864,19.07
2919.562851,19.08
2305.11020046,19.09
2600.98273057,19.1
2969.3726815,19.11
2554.22402492,19.12
2781.87026405,19.13
2642.51873429,19.14
2118.47185021,19.15
2498.35720496,19.16
2558.62907089,19.17
2470.14574205,19.18
2178.91235761,19.19
2822.1564057,19.2
2530.25688905,19.21
2588.09919826,19.22
2535.4511036,19.23
1998.69358927,19.24
2789.48376599,19.25
2223.9457426,19.26
2401.93970424,19.27
2958.30586854,19.28
2724.99159491,19.29
2694.49838649,19.3
2565.15163298,19.31
2642.85220442,19.32
2426.80636674,19.33
2377.83930132,19.34
2447.11895291,19.35
2653.05003656,19.36
2617.23739491,19.37
3031.38802941,19.38
2730.82703592,19.39
2510.76276498,19.4
2414.7233134,19.41
2610.16878742,19.42
3002.71425371,19.43
2533.9318349,19.44
2406.27274782,19.45
2746.3362971,19.46
2416.75119214,19.47
2369.99223139,19.48
2394.15984759,19.49
2704.8162521,19.5
2338.92314804,19.51
1858.05883251,19.52
2309.88715663,19.53
2058.44492657,19.54
2442.81635077,19.55
2700.61301969,19.56
2384.7599308,19.57
2375.72119142,19.58
2220.40782773,19.59
2644.43710276,19.6
2756.3973228,19.61
2301.80631821,19.62
2780.2138496,19.63
2292.24464628,19.64
2482.33718961,19.65
2154.48887172,19.66
2800.26522107,19.67
2910.64143285,19.68
2520.93522401,19.69
2509.32051503,19.7
2389.93775894,19.71
2981.21740533,19.72
2518.4173651,19.73
2881.31326753,19.74
2441.19303077,19.75
2094.05220321,19.76
2749.2285817,19.77
2993.91624391,19.78
2555.90526308,19.79
2307.29832588,19.8
2586.67567652,19.81
2891.10131895,19.82
2268.64165873,19.83
2590.68194042,19.84
2775.27343126,19.85
2532.42502451,19.86
2028.33595436,19.87
2538.57686063,19.88
2306.5445959,19.89
2548.17124673,19.9
2418.54056627,19.91
2228.74213518,19.92
2295.43270822,19.93
2387.18712082,19.94
2688.69864389,19.95
2774.37752791,19.96
2540.77861615,19.97
2434.08737415,19.98
2599.97746403,19.99
2188.003971,20
2808.82435727,20.01
2798.368895,20.02
2585.87146057,20.03
2683.53272207,20.04
2515.60989084,20.05
2415.78508411,20.06
2186.48743241,20.07
2357.9702942,20.08
2750.59629786,20.09
2543.47031635,20.1
2619.4551755,20.11
2629.72982396,20.12
2854.16939654,20.13
2456.44149734,20.14
2231.42667252,20.15
2224.09831778,20.16
2000.99639629,20.17
2490.72330777,20.18
2698.48183245,20.19
2472.77768123,20.2
2332.38142768,20.21
2260.30109469,20.22
2748.5880528,20.23
3166.78001531,20.24
2732.49187688,20.25
2394.56090189,20.26
2453.47604617,20.27
2375.90092977,20.28
2775.04950385,20.29
3006.98710254,20.3
2312.96274699,20.31
2475.90272735,20.32
2627.13658555,20.33
2298.21314816,20.34
2844.45685483,20.35
2671.36182497,20.36
2387.87529479,20.37
2604.70734939,20.38
2498.65467831,20.39
2352.64963253,20.4
2510.82378605,20.41
2716.02507886,20.42
2655.31319581,20.43
2389.42131236,20.44
2487.61022732,20.45
2613.20527564,20.46
2703.8516418,20.47
2671.46052924,20.48
2500.68142838,20.49
2710.91273169,20.5
1934.1258037,20.51
2570.04579881,20.52
2420.34704126,20.53
2737.84934441,20.54
2442.33390551,20.55
2634.24019827,20.56
2426.27657418,20.57
2906.03183821,20.58
1924.52189498,20.59
2130.04293883,20.6
2232.68231775,20.61
2912.36607311,20.62
2079.27325093,20.63
3010.89541383,20.64
2782.04823837,20.65
2383.32812817,20.66
3006.29014207,20.67
1877.54401345,20.68
2731.636651,20.69
2506.93663992,20.7
2732.28482647,20.71
2612.59481304,20.72
2755.90528535,20.73
2985.00343108,20.74
2269.43327113,20.75
2519.21448867,20.76
2771.43006763,20.77
2680.79859343,20.78
2638.08545359,20.79
2232.43423398,20.8
2740.59648561,20.81
3100.05973333,20.82
2581.53971667,20.83
2644.52825671,20.84
2546.82938866,20.85
2725.95886517,20.86
2188.22841864,20.87
2386.37763336,20.88
2325.89367627,20.89
2548.76378887,20.9
2475.68292575,20.91
2913.95269051,20.92
2363.73484112,20.93
2512.76134085,20.94
2469.32910917,20.95
2529.81197182,20.96
2598.05369344,20.97
2471.21580773,20.98
2581.50065232,20.99
2279.78705852,21
2619.13803825,21.01
2333.71588043,21.02
2345.1365251,21.03
2217.26765198,21.04
2735.95849755,21.05
2527.72090461,21.06
2286.13068735,21.07
2530.94722097,21.08
2821.95308263,21.09
2581.77664646,21.1
2787.07915451,21.11
2762.02398429,21.12
2826.38852555,21.13
2649.53980574,21.14
3070.26351486,21.15
2365.18911368,21.16
2126.38464027,21.17
2871.25131241,21.18
2140.8778324,21.19
2752.97846876,21.2
2059.58009373,21.21
2509.05442478,21.22
2713.4098278,21.23
2838.41501935,21.24
2287.2390049,21.25
2495.44222092,21.26
2948.41982012,21.27
2353.35166672,21.28
2521.48629005,21.29
2793.48178065,21.3
2518.38934797,21.31
2654.52393495,21.32
2707.52332364,21.33
2371.64510877,21.34
2722.69867318,21.35
2569.12569473,21.36
2731.53864656,21.37
2657.06168155,21.38
2686.62179752,21.39
2043.82456259,21.4
2849.48334309,21.41
2976.5185399,21.42
2152.08188158,21.43
2667.2716779,21.44
2549.13054058,21.45
2534.21777154,21.46
2520.63737007,21.47
2385.21740572,21.48
2444.57309145,21.49
1969.7271321,21.5
2619.09693466,21.51
2489.3348179,21.52
2334.1778208,21.53
2559.6070597,21.54
2935.60498377,21.55
2494.27664707,21.56
2900.54919629,21.57
2533.66794561,21.58
2476.79569916,21.59
2083.09525951,21.6
2784.55477795,21.61
2292.29624133,21.62
2382.42817846,21.63
2362.63030239,21.64
1772.1343864,21.65
2632.98344767,21.66
2592.08470167,21.67
2201.33924411,21.68
2409.26642915,21.69
2574.03755016,21.7
2500.48507591,21.71
2892.10066952,21.72
2630.76844802,21.73
2619.19034918,21.74
2546.5676865,21.75
2395.80002586,21.76
2444.34926251,21.77
3009.92614929,21.78
2672.53827243,21.79
2628.35776319,21.8
2437.87193228,21.81
2152.73590151,21.82
2596.22242127,21.83
2507.89416289,21.84
2514.26264725,21.85
2529.44684724,21.86
2553.24865645,21.87
2616.60236654,21.88
2701.73409032,21.89
2500.40423808,21.9
2432.76072116,21.91
2240.66523674,21.92
2108.03376551,21.93
2918.45932453,21.94
2205.85532355,21.95
2594.49366998,21.96
2577.07793771,21.97
1971.06319565,21.98
2976.02766958,21.99
2072.28707148,22
2311.96909038,22.01
2658.51435838,22.02
2797.3173178,22.03
2467.71089037,22.04
2236.43184358,22.05
2638.73947188,22.06
2618.49900457,22.07
2639.37170555,22.08
2649.54912913,22.09
2265.39721898,22.1
2234.56431827,22.11
2221.74362859,22.12
2581.9846359,22.13
2714.29860954,22.14
2273.99535232,22.15
2157.95111276,22.16
2874.37867649,22.17
2670.01224841,22.18
2486.09667582,22.19
2296.02356015,22.2
2566.22794021,22.21
2692.72890353,22.22
2720.92651256,22.23
2424.97929928,22.24
2534.37650249,22.25
2464.21123547,22.26
2676.34984122,22.27
2402.56380696,22.28
2775.68454834,22.29
2574.79744273,22.3
2180.83005277,22.31
2431.9537925,22.32
3009.44416746,22.33
2190.69582526,22.34
2278.50906223,22.35
2689.31438063,22.36
2602.18506928,22.37
2715.61967828,22.38
2220.21824022,22.39
2387.63998082,22.4
2463.99789843,22.41
1942.70587531,22.42
2604.30653161,22.43
3009.19341251,22.44
2233.38593312,22.45
2546.91211624,22.46
3266.48364826,22.47
2689.49215566,22.48
2730.61932153,22.49
2713.67470988,22.5
2596.02855067,22.51
2651.88683427,22.52
2521.02244937,22.53
2294.99400591,22.54
2266.06106283,22.55
2239.3170431,22.56
2415.86381957,22.57
2665.88742046,22.58
2213.28893487,22.59
2391.404127,22.6
2603.66719829,22.61
2658.60704746,22.62
2690.03930142,22.63
2575.53541742,22.64
2610.418393,22.65
2211.09585246,22.66
2331.91088884,22.67
2323.19459778,22.68
2680.12254805,22.69
2679.19984037,22.7
2767.43849817,22.71
2154.85362751,22.72
2563.00287126,22.73
2127.68353259,22.74
3103.80832355,22.75
2795.81732508,22.76
2497.96892228,22.77
2328.48248531,22.78
2518.90997241,22.79
2272.12600559,22.8
2187.64645442,22.81
2666.19100752,22.82
2672.61700396,22.83
2557.17991559,22.84
2876.33343783,22.85
2510.34852696,22.86
2467.29705797,22.87
2666.72810061,22.88
2550.27478185,22.89
2415.34436418,22.9
2718.56586312,22.91
2738.48702134,22.92
1946.35788216,22.93
2638.21573047,22.94
2402.79132938,22.95
3149.63729973,22.96
3013.14442194,22.97
2828.16290434,22.98
2729.99405404,22.99
2862.05748205,23
2215.43343979,23.01
2796.68971375,23.02
2329.45760841,23.03
2801.80070557,23.04
2240.9994959,23.05
2614.06036794,23.06
2405.45474512,23.07
2416.80381996,23.08
2606.99296021,23.09
2129.700721,23.1
2831.33741391,23.11
2723.97868018,23.12
2377.3588448,23.13
2671.89796012,23.14
2595.81953846,23.15
2620.76714002,23.16
2425.79674595,23.17
2558.62609358,23.18
2195.7009436,23.19
2413.15950264,23.2
2660.71219082,23.21
2832.68967709,23.22
2388.50161046,23.23
2261.41768045,23.24
2304.16518375,23.25
2381.5534701,23.26
2666.96783135,23.27
2318.70393053,23.28
2400.91664071,23.29
2356.00106065,23.3
2198.36907574,23.31
2778.00813146,23.32
2659.31652975,23.33
2589.6165074,23.34
2363.61615553,23.35
2420.36785322,23.36
3086.67257439,23.37
3155.44203329,23.38
2245.47950921,23.39
2634.10693511,23.4
2652.99788872,23.41
2598.8580821,23.42
2940.71146194,23.43
2411.74670539,23.44
2618.36433037,23.45
2664.91630039,23.46
2448.50693823,23.47
2670.94092821,23.48
2919.78523429,23.49
2761.37076801,23.5
2478.29744776,23.51
2533.47870432,23.52
2741.57765175,23.53
2261.89441631,23.54
2951.71913447,23.55
2916.52475665,23.56
2249.16436036,23.57
1974.1405324,23.58
2424.04633642,23.59
2472.20652184,23.6
2924.29504716,23.61
2171.97459421,23.62
2681.76659332,23.63
2351.91910737,23.64
3018.88827983,23.65
2592.20716397,23.66
2413.23195908,23.67
2686.92821717,23.68
2489.75376805,23.69
2758.08128612,23.7
2282.60892781,23.71
2335.17947923,23.72
2455.88398364,23.73
2493.71457079,23.74
2426.63601259,23.75
1975.30545336,23.76
2483.44000558,23.77
2610.26586709,23.78
2668.16401001,23.79
2447.37665965,23.8
2624.6070409,23.81
2418.04293982,23.82
2195.7440717,23.83
2542.61146259,23.84
2349.24102936,23.85
2793.98043668,23.86
2614.64065708,23.87
2327.48857169,23.88
2995.24156479,23.89
2752.19554307,23.9
2170.71989104,23.91
2621.66538571,23.92
2409.55833521,23.93
2431.32221545,23.94
2588.40039894,23.95
2558.08690397,23.96
2446.22284728,23.97
2783.78205043,23.98
2697.65858166,23.99
2916.0771233,24
2521.26575697,24.01
2486.62565613,24.02
2122.1054258,24.03
2238.6548698,24.04
2123.45163001,24.05
1896.35939424,24.06
2540.0227877,24.07
2334.79139541,24.08
2701.1237819,24.09
2405.09279647,24.1
2527.60610912,24.11
2565.29607345,24.12
2750.768389,24.13
2936.42857676,24.14
2999.48076538,24.15
2168.9382375,24.16
2293.73869887,24.17
2583.9770938,24.18
2324.56303937,24.19
2378.54635102,24.2
2371.1265645,24.21
2272.73103153,24.22
2602.48050686,24.23
2096.11996996,24.24
2608.14013863,24.25
2662.52718452,24.26
2311.85238727,24.27
2662.21803231,24.28
2227.69690216,24.29
2608.21726152,24.3
2596.93149845,24.31
2565.03826412,24.32
2486.40441054,24.33
2723.63246095,24.34
2219.24951456,24.35
2407.74088896,24.36
2488.03003806,24.37
2805.66676929,24.38
2849.80273413,24.39
2913.11023025,24.4
2662.45092822,24.41
2359.91235385,24.42
2577.47859905,24.43
2267.63406946,24.44
2298.79416948,24.45
2755.51400266,24.46
2376.78656483,24.47
2558.79031214,24.48
2712.24628602,24.49
2926.27753332,24.5
2372.6948939,24.51
2635.02395165,24.52
3133.26491738,24.53
2657.85961473,24.54
2627.25761228,24.55
1841.9781166,24.56
2521.10828478,24.57
2594.77796699,24.58
2326.74244258,24.59
2278.43508326,24.6
2410.77930836,24.61
2398.10022976,24.62
2379.25257619,24.63
2930.96427484,24.64
2475.44234703,24.65
2804.90683042,24.66
2479.44333661,24.67
2633.99060969,24.68
2560.13688119,24.69
1783.46447024,24.7
2590.52713453,24.71
2364.37381736,24.72
2727.38665362,24.73
2382.75091826,24.74
2114.79125806,24.75
2269.42131054,24.76
2509.872065,24.77
2324.93488769,24.78
2287.78449247,24.79
2430.08608974,24.8
2395.70881319,24.81
2337.1992177,24.82
1962.67281648,24.83
2555.00523348,24.84
2780.97400165,24.85
2386.21713453,24.86
2774.93010004,24.87
2712.38758967,24.88
2631.52293612,24.89
2062.51619134,24.9
2792.63141288,24.91
2659.4987521,24.92
2678.03586534,24.93
2169.78468956,24.94
2687.87821522,24.95
2744.20882696,24.96
3276.10080745,24.97
2304.2805425,24.98
2797.61662965,24.99
3055.86957961,25
